Report number,Report date,Trade name,Sponsor,Manufacturer,ARTG number,GMDN term
27520,26/07/2012,ALARIS GP VOLUMETRIC PUMP GUARDRAILS,CareFusion Australia 316 Pty Ltd,CareFusion Switzerland 317 Sarl,130389,"Infusion pump, general-purpose"
27855,8/08/2012,Alaris Secondary Set Oncology,Becton Dickinson Pty Ltd,CareFusion Switzerland 317 Sarl,125460,"Infusion administration set, controller"
27858,8/08/2012,Alaris Secondary Set Oncology,Becton Dickinson Pty Ltd,CareFusion Switzerland 317 Sarl,125460,"Infusion administration set, controller"
30902,9/08/2012,Alaris Secondary Set Oncology,Becton Dickinson Pty Ltd,CareFusion Switzerland 317 Sarl,125460,"Infusion administration set, controller"
27869,9/08/2012,Alaris Secondary Set Oncology,Becton Dickinson Pty Ltd,CareFusion Switzerland 317 Sarl,125460,"Infusion administration set, controller"
27915,13/08/2012,"Octrode Lead Kit, 60cm Length",Abbott Medical Australia Pty Ltd,Advanced Neuromodulation Systems Inc,132097,"Electrode/lead, stimulator, implantable, neurological"
,,Eon Mini IPG Model 3788,St Jude Medical Australia Pty Ltd,Advanced Neuromodulation Systems Inc,154912,"Stimulator, electrical, analgesic, spinal cord"
,,"Swift-Lock Anchor, Model 1192",St Jude Medical Australia Pty Ltd,Advanced Neuromodulation Systems Inc,129858,"Holder, cable/lead"
28509,11/09/2012,PCAM Syringe Pump,CareFusion Australia 316 Pty Ltd,CareFusion Switzerland 317 Sarl,177503,"Infusion pump, analgesic, patient-controlled"
,,50ml Omnifix syringe,-,B Braun,,-
28647,18/09/2012,Gemini CKVLV W/2 SS VLV Ports,CareFusion Australia 316 Pty Ltd,CareFusion Switzerland 317 Sarl,125916,"Infusion administration set, infusion pump"
28299,19/09/2012,"Octrode Lead Kit, 60cm Length",Abbott Medical Australia Pty Ltd,Advanced Neuromodulation Systems Inc,132097,"Electrode/lead, stimulator, implantable, neurological"
,,Swift-Lock Anchor,St Jude Medical Australia Pty Ltd,Advanced Neuromodulation Systems Inc,129858,"Holder, cable/lead"
28646,21/09/2012,P6000 TIVA/TCI syringe pump with Diprifusor,CareFusion Australia 316 Pty Ltd,CareFusion Switzerland 317 Sarl,130389,"Infusion pump, general-purpose"
27546,5/10/2012,Dynaglide Foot Pedal,Boston Scientific Pty Ltd,Boston Scientific Corporation,144320,"Remote control, foot-switch"
,,ROTALINK BURR 2.00MM - Coronary artery atherectomy system,Boston Scientific Pty Ltd,Boston Scientific Corporation,162477,"Catheter, angioplasty, atherectomy"
29021,24/10/2012,Gynecare Prolift Surgical Mesh for Bladder Prolapse repair,Johnson & Johnson Medical Pty Ltd,Ethicon SARL (Switzerland),117686,Mesh kit
29160,1/11/2012,Alaris GP (Plus) Guardrails Pump,CareFusion Australia 316 Pty Ltd,CareFusion Switzerland 317 Sarl,130389,"Infusion pump, general-purpose"
29378,20/11/2012,MaxPlus Clear Pos DIsp NF Valve,CareFusion Australia 316 Pty Ltd,CareFusion Switzerland 317 Sarl,189737,"Connector, intravenous line"
28076,22/11/2012,MaxPlus Clear Pos Disp NF Valve,CareFusion Australia 316 Pty Ltd,CareFusion Switzerland 317 Sarl,189737,"Connector, intravenous line"
,,10ml BD Plastipak syringe,-,Becton Dickinson & Company (BD),,-
,,Bard dual lumen PICC,-,Bard Access Systems Inc,,-
28093,14/12/2012,Alaris GP Plus pump with Guardrails software,CareFusion Australia 316 Pty Ltd,CareFusion Switzerland 317 Sarl,130389,"Infusion pump, general-purpose"
28164,18/12/2012,ALARIS GP PLUS pump,CareFusion Australia 316 Pty Ltd,CareFusion Switzerland 317 Sarl,130389,"Infusion pump, general-purpose"
27804,20/12/2012,Alaris GP Plus pump with Guardrails software,CareFusion Australia 316 Pty Ltd,CareFusion Switzerland 317 Sarl,130389,"Infusion pump, general-purpose"
28939,4/01/2013,Alaris GP Plus Pump with Guardrails Software,CareFusion Australia 316 Pty Ltd,CareFusion Switzerland 317 Sarl,130389,"Infusion pump, general-purpose"
27701,29/01/2013,ALARIS (asena) GH PLUS,CareFusion Australia 316 Pty Ltd,CareFusion Switzerland 317 Sarl,177501,"Infusion pump, syringe"
27717,29/01/2013,ALARIS (asena) GH PLUS,CareFusion Australia 316 Pty Ltd,CareFusion Switzerland 317 Sarl,177501,"Infusion pump, syringe"
29379,29/01/2013,Asena/Alaris GH Syringe Pump,CareFusion Australia 316 Pty Ltd,CareFusion Switzerland 317 Sarl,177501,"Infusion pump, syringe"
28089,29/01/2013,MaxPlus Clear Pos Disp NF Valve,CareFusion Australia 316 Pty Ltd,CareFusion Switzerland 317 Sarl,189737,"Connector, intravenous line"
29997,5/02/2013,Alaris GP + Infusion Pump,CareFusion Australia 316 Pty Ltd,CareFusion Switzerland 317 Sarl,130389,"Infusion pump, general-purpose"
30281,5/03/2013,Gynecare Prolift + M*,Johnson & Johnson Medical Pty Ltd,Ethicon SARL (Switzerland),117686,Mesh kit
29734,13/03/2013,Button Switch Pencil,Medtronic Australasia Pty Ltd,Covidien llc,178655,"Electrode, electrosurgical, active, hand-controlled, single use"
30291,13/03/2013,TVT exact sub urethral sling,Johnson & Johnson Medical Pty Ltd,Ethicon SARL (Switzerland),99193,"Prosthesis, incontinence"
30322,1/04/2013,Swift Lock Anchor,Abbott Medical Australia Pty Ltd,Advanced Neuromodulation Systems Inc,129858,"Holder, cable/lead"
,,"Various models - Electrode/lead, stimulator, implantable, neurological",St Jude Medical Australia Pty Ltd,Advanced Neuromodulation Systems Inc,132097,Neural-tissue electrical stimulation lead
29813,8/04/2013,Ambient Super TurboVac 90 electrosurgical hand controlled switch,Smith & Nephew Surgical Pty Ltd,Arthrocare Corporation,186655,"Electrode, electrosurgical, active, hand-controlled, single use"
29979,29/04/2013,Ambient Super TurboVac 90 with Integrated Finger Switches,Smith & Nephew Surgical Pty Ltd,Arthrocare Corporation,186655,"Electrode, electrosurgical, active, hand-controlled, single use"
29145,9/05/2013,Ambient Super MultiVac 50 with Finger Switches ArthroWand,Smith & Nephew Surgical Pty Ltd,Arthrocare Corporation,186655,"Electrode, electrosurgical, active, hand-controlled, single use"
28159,10/05/2013,Alaris GH Plus syringe pump,CareFusion Australia 316 Pty Ltd,CareFusion Switzerland 317 Sarl,177501,"Infusion pump, syringe"
29901,10/05/2013,GP SERIES LIGHT RESISTANT SET,CareFusion Australia 316 Pty Ltd,CareFusion Switzerland 317 Sarl,125916,"Infusion administration set, infusion pump"
28794,10/05/2013,Maxplus Positive Pressure Connector,CareFusion Australia 316 Pty Ltd,CareFusion Switzerland 317 Sarl,189737,"Connector, intravenous line"
30190,14/05/2013,Gemini V/NV PRIMARY 20DP,CareFusion Australia 316 Pty Ltd,CareFusion Switzerland 317 Sarl,125916,"Infusion administration set, infusion pump"
30972,22/05/2013,Alaris Docking Stationfor alaris pumps,Becton Dickinson Pty Ltd,CareFusion Switzerland 317 Sarl,174810,"Infusion pump management unit, mobile"
30076,30/05/2013,Alaris GP Infusion Pump,CareFusion Australia 316 Pty Ltd,CareFusion Switzerland 317 Sarl,130389,"Infusion pump, general-purpose"
30385,10/06/2013,Ambient Super TurboVac 90 with Integrated Finger Switches,Smith & Nephew Surgical Pty Ltd,Arthrocare Corporation,186655,"Electrode, electrosurgical, active, hand-controlled, single use"
30095,24/07/2013,Gemini V/NV Primary 20DP Infusion set,CareFusion Australia 316 Pty Ltd,CareFusion Switzerland 317 Sarl,125916,"Infusion administration set, infusion pump"
31323,24/07/2013,Quattrode Lead,Abbott Medical Australia Pty Ltd,Advanced Neuromodulation Systems Inc,131944,"Electrode/lead, stimulator, implantable, neurological"
,,"Swift Lock Anchor: Holder, cable/lead",St Jude Medical Australia Pty Ltd,Advanced Neuromodulation Systems Inc,129858,"Holder, cable/lead"
31625,31/07/2013,Gynecare TVT Exact,Johnson & Johnson Medical Pty Ltd,Ethicon SARL (Switzerland),99193,"Prosthesis, incontinence"
31322,21/08/2013,Quattrode neurological lead,Abbott Medical Australia Pty Ltd,Advanced Neuromodulation Systems Inc,131944,"Electrode/lead, stimulator, implantable, neurological"
,,"Eon, Model 3716 including 3701 (Charger) - Stimulator, electrical, analgesic, spinal cord",St Jude Medical Australia Pty Ltd,Advanced Neuromodulation Systems Inc,127126,"Stimulator, electrical, analgesic, spinal cord"
,,"Swift Lock Anchor, Holder, cable/lead",St Jude Medical Australia Pty Ltd,Advanced Neuromodulation Systems Inc,129858,"Holder, cable/lead"
31813,22/08/2013,"CareFusion, Alaris GP volumetric pump",CareFusion Australia 316 Pty Ltd,CareFusion Switzerland 317 Sarl,130389,"Infusion pump, general-purpose"
,,"Infusion administration set, controller",CareFusion Australia 316 Pty Ltd,CareFusion Switzerland 317 Sarl,125460,"Infusion administration set, controller"
31514,4/09/2013,PCA Syringe pump (PCAM),CareFusion Australia 316 Pty Ltd,CareFusion Switzerland 317 Sarl,177503,"Infusion pump, analgesic, patient-controlled"
30973,13/09/2013,Alaris GP Guardrails Pump (with Plus s/w),CareFusion Australia 316 Pty Ltd,CareFusion Switzerland 317 Sarl,130389,"Infusion pump, general-purpose"
30348,13/09/2013,GEMINI CKVLV W/2 SS VLV PORTS,CareFusion Australia 316 Pty Ltd,CareFusion Switzerland 317 Sarl,125916,"Infusion administration set, infusion pump"
31136,17/10/2013,Alaris GP Guardrails Infusion Pump (with Plus s/w),CareFusion Australia 316 Pty Ltd,CareFusion Switzerland 317 Sarl,130389,"Infusion pump, general-purpose"
26969,29/11/2013,Prosima - Pelvic Floor Repair Kit,Johnson & Johnson Medical Pty Ltd,Ethicon SARL (Switzerland),117686,Mesh kit
29603,3/01/2014,GEMINI CKVLV W/2 SS VLV PORTS,CareFusion Australia 316 Pty Ltd,CareFusion Switzerland 317 Sarl,125916,"Infusion administration set, infusion pump"
32324,10/01/2014,Alaris GP Infusion pump,CareFusion Australia 316 Pty Ltd,CareFusion Switzerland 317 Sarl,130389,"Infusion pump, general-purpose"
32325,19/02/2014,Alaris GH Plus pump,CareFusion Australia 316 Pty Ltd,CareFusion Switzerland 317 Sarl,177501,"Infusion pump, syringe"
33666,7/03/2014,Gyne Care: Abbrevo TVT,Johnson & Johnson Medical Pty Ltd,Ethicon SARL (Switzerland),99193,"Prosthesis, incontinence"
33124,11/03/2014,Swift Lock Anchor,Abbott Medical Australia Pty Ltd,Advanced Neuromodulation Systems Inc,129858,"Holder, cable/lead"
,,"Eon Mini IPG Model 3788 - Stimulator, electrical, analgesic, spinal cord",St Jude Medical Australia Pty Ltd,Advanced Neuromodulation Systems Inc,154912,"Stimulator, electrical, analgesic, spinal cord"
,,"Octrode Percutaneous Leads - Electrode/lead, stimulator, implantable, neurological",St Jude Medical Australia Pty Ltd,Advanced Neuromodulation Systems Inc,132097,Neural-tissue electrical stimulation lead
28561,21/05/2014,TVT Obturator System,Johnson & Johnson Medical Pty Ltd,Ethicon SARL (Switzerland),99193,"Prosthesis, incontinence"
34222,9/06/2014,Octrode lead,Abbott Medical Australia Pty Ltd,Advanced Neuromodulation Systems Inc,132097,Neural-tissue electrical stimulation lead
,,"Eon Mini IPG Model 3788 - Stimulator, electrical, analgesic, spinal cord",St Jude Medical Australia Pty Ltd,Advanced Neuromodulation Systems Inc,154912,"Stimulator, electrical, analgesic, spinal cord"
,,"Single Extention, ANS Lead Extension, Single 8-Channel",St Jude Medical Australia Pty Ltd,Advanced Neuromodulation Systems Inc,126001,Neural-tissue electrical stimulation lead
,,"Swift-Lock Anchor, Holder, cable/lead",St Jude Medical Australia Pty Ltd,Advanced Neuromodulation Systems Inc,129858,"Holder, cable/lead"
28572,11/06/2014,Interceed Abs Adh Bar 7.5cm x 10 cm,Johnson & Johnson Medical Pty Ltd,Ethicon SARL (Switzerland),137081,"Barrier, absorbable, adhesion prevention"
31879,25/07/2014,Alaris GP Guardrails Pump (with Plus s/w),CareFusion Australia 316 Pty Ltd,CareFusion Switzerland 317 Sarl,130389,"Infusion pump, general-purpose"
33391,25/07/2014,"Alaris GP SERIES FILTER SET, 0.2µm, 2 SS Y, PE",CareFusion Australia 316 Pty Ltd,CareFusion Switzerland 317 Sarl,125916,"Infusion administration set, infusion pump"
33390,25/07/2014,"ALARIS, 20 INCH EXTENSION SET WITH 1 VLV PORT",CareFusion Australia 316 Pty Ltd,CareFusion Switzerland 317 Sarl,189736,"Tubing extension set, intravenous administration"
33024,25/07/2014,Gemini Infusion set,CareFusion Australia 316 Pty Ltd,CareFusion Switzerland 317 Sarl,125916,"Infusion administration set, infusion pump"
32326,25/07/2014,SmartSite adapter - LL VLV ADPT (STAND ALONE),CareFusion Australia 316 Pty Ltd,CareFusion Switzerland 317 Sarl,189737,"Connector, intravenous line"
31648,30/07/2014,Transvaginal Tape Device,Johnson & Johnson Medical Pty Ltd,Ethicon SARL (Switzerland),99193,"Prosthesis, Internal, incontinence"
34349,2/08/2014,Alaris infusion set BURETTE 30IN SET,Becton Dickinson Pty Ltd,CareFusion Switzerland 317 Sarl,125460,"Infusion administration set, controller"
34842,3/08/2014,Multi dose injections,CareFusion Australia 316 Pty Ltd,CareFusion Switzerland 317 Sarl,189737,"Connector, intravenous line"
34962,15/08/2014,Quattrode Lead,Abbott Medical Australia Pty Ltd,Advanced Neuromodulation Systems Inc,131944,Neural-tissue electrical stimulation lead
,,"Eon Mini IPG Model 3788 - Stimulator, electrical, analgesic, spinal cord",St Jude Medical Australia Pty Ltd,Advanced Neuromodulation Systems Inc,154912,"Stimulator, electrical, analgesic, spinal cord"
,,"SCS Extension, Lead Extension, Dual 4-Channel",St Jude Medical Australia Pty Ltd,Advanced Neuromodulation Systems Inc,126078,Neural-tissue electrical stimulation lead
,,"Swift Lock Anchor, Holder, cable/lead",St Jude Medical Australia Pty Ltd,Advanced Neuromodulation Systems Inc,129858,"Holder, cable/lead"
35033,26/08/2014,"Total Prolift, Vaginal mesh product for prolapse repair",Johnson & Johnson Medical Pty Ltd,Ethicon SARL (Switzerland),117686,Mesh kit
33641,28/08/2014,Alairs GP dedicated infusion set plus 1 SS Y 1BCV,CareFusion Australia 316 Pty Ltd,CareFusion Switzerland 317 Sarl,125916,"Infusion administration set, infusion pump"
33642,28/08/2014,Alaris GP Infusion Pump.,CareFusion Australia 316 Pty Ltd,CareFusion Switzerland 317 Sarl,130389,"Infusion pump, general-purpose"
35133,28/08/2014,Eon Mini stimulator,St Jude Medical Australia Pty Ltd,Advanced Neuromodulation Systems Inc,154912,"Stimulator, electrical, analgesic, spinal cord"
,,Octrode,St Jude Medical Australia Pty Ltd,St Jude Medical,132097,Neural-tissue electrical stimulation lead
,,Swift Lock Anchor,St Jude Medical Australia Pty Ltd,Advanced Neuromodulation Systems Inc,129858,"Holder, cable/lead"
33644,30/08/2014,Alaris GP (dedicated infusion set) 290CM 2 Split S,CareFusion Australia 316 Pty Ltd,CareFusion Switzerland 317 Sarl,125916,"Infusion administration set, infusion pump"
30307,3/09/2014,TVT EXACT RETROPUBIC SYSTEM,Johnson & Johnson Medical Pty Ltd,Ethicon SARL (Switzerland),99193,"Prosthesis, incontinence"
29335,16/09/2014,Atom Medical Incubator,Swirl Technologies Pty Ltd T/A Parker Healthcare,Atom Medical Corporation,94731,"Incubator, infant, transportable"
32127,30/09/2014,TVT Obturator System,Johnson & Johnson Medical Pty Ltd,Ethicon SARL (Switzerland),99193,"Prosthesis, incontinence"
,,"Prolift mesh, PROLIFT Pelvic Floor Repair System - Mesh kit",Johnson & Johnson Medical Pty Ltd,Ethicon SARL (Switzerland),117686,Mesh kit
31311,20/10/2014,Gynecare TVT-Abbrevo Mini LCM,Johnson & Johnson Medical Pty Ltd,Ethicon SARL (Switzerland),99193,"Prosthesis, incontinence"
28502,13/11/2014,TVT Exact Retropubic System,Johnson & Johnson Medical Pty Ltd,Ethicon SARL (Switzerland),99193,"Prosthesis, incontinence"
33360,17/11/2014,BUTTON SWITCH PENCIL WITH EDGE,Medtronic Australasia Pty Ltd,Covidien llc,178569,"Electrosurgical system electrode, active, general-"
35896,27/11/2014,ETHICON GYNECARE TVT System,Johnson & Johnson Medical Pty Ltd,Ethicon SARL (Switzerland),99193,"Prosthesis, incontinence"
33688,4/12/2014,Alaris GH Syringe pump,CareFusion Australia 316 Pty Ltd,CareFusion Switzerland 317 Sarl,177501,"Infusion pump, syringe"
33921,4/12/2014,GEMINI/ALARIS INFUSON SET With CKVLV W/2 SS VLV PO,CareFusion Australia 316 Pty Ltd,CareFusion Switzerland 317 Sarl,125916,"Infusion administration set, infusion pump"
33689,4/12/2014,PCAM (P5000) infusion pump,CareFusion Australia 316 Pty Ltd,CareFusion Switzerland 317 Sarl,177503,"Infusion pump, analgesic, patient-controlled"
28234,9/12/2014,Gynecare TVT Obturator,Johnson & Johnson Medical Pty Ltd,Ethicon SARL (Switzerland),99193,"Prosthesis, incontinence"
32065,9/12/2014,TVT Device,Johnson & Johnson Medical Pty Ltd,Ethicon SARL (Switzerland),99193,"Prosthesis, incontinence"
32054,10/12/2014,Prolift Pelvic Floor Repair System,Johnson & Johnson Medical Pty Ltd,Ethicon SARL (Switzerland),117686,Mesh Kit
31616,10/12/2014,TVT Exact Retropubic System,Johnson & Johnson Medical Pty Ltd,Ethicon SARL (Switzerland),99193,"Prosthesis, incontinence"
32105,12/12/2014,"Trans vaginal tape, TVT",Johnson & Johnson Medical Pty Ltd,Ethicon SARL (Switzerland),99193,"Prosthesis, incontinence"
32066,12/12/2014,TVT Obturator System,Johnson & Johnson Medical Pty Ltd,Ethicon SARL (Switzerland),99193,"Prosthesis, incontinence"
32111,16/12/2014,"Gynecare TVT Obturator Prosthesis, incontinence",Johnson & Johnson Medical Pty Ltd,Ethicon SARL (Switzerland),99193,"Prosthesis, incontinence"
,,"Prosima mesh, PROLIFT Pelvic Floor Repair System - Mesh kit",Johnson & Johnson Medical Pty Ltd,Ethicon SARL (Switzerland),117686,Mesh kit
32130,16/12/2014,Gynemesh PS,Johnson & Johnson Medical Pty Ltd,Ethicon Inc T/a Gynecare Johnson & Johnson Wound M,94490,"Mesh, surgical"
,,"Gynecare TVT Device, Trans vaginal tape, TVT Device - Prosthesis, internal, incontinence",Johnson & Johnson Medical Pty Ltd,Ethicon SARL (Switzerland),99193,"Prosthesis, incontinence"
32114,16/12/2014,Prolift Pelvic Floor Repair System,Johnson & Johnson Medical Pty Ltd,Ethicon SARL (Switzerland),117686,Mesh Kit
32109,16/12/2014,Prolift Pelvic Floor Repair System,Johnson & Johnson Medical Pty Ltd,Ethicon SARL (Switzerland),117686,Mesh Kit
32067,16/12/2014,Prolift Pelvic Floor Repair System,Johnson & Johnson Medical Pty Ltd,Ethicon SARL (Switzerland),117686,Mesh kit
32605,16/12/2014,Transvaginal Tape,Johnson & Johnson Medical Pty Ltd,Ethicon SARL (Switzerland),99193,"Prosthesis, incontinence"
,,No JJM product,-,N/K,,-
32112,16/12/2014,TVT Exact Retropubic System,Johnson & Johnson Medical Pty Ltd,Ethicon SARL (Switzerland),99193,"Prosthesis, incontinence"
32118,16/12/2014,"TVT Obturator System Prosthesis, incontinence",Johnson & Johnson Medical Pty Ltd,Ethicon SARL (Switzerland),99193,"Prosthesis, incontinence"
,,"Gynemesh PS, Mesh, surgical",Johnson & Johnson Medical Pty Ltd,Ethicon Inc T/a Gynecare Johnson & Johnson Wound Mgt ETHICON Wmns Hth & Urology,94490,"Mesh, surgical"
33693,19/12/2014,Alaris GP Infusion pump,CareFusion Australia 316 Pty Ltd,CareFusion Switzerland 317 Sarl,130389,"Infusion pump, general-purpose"
,,"infusion disposables samples of 63420E & 9987-0000 from lots 131005827+10076310 (actual sets used not available, discarded at time)",-,N/K,,-
36130,19/12/2014,Ant Prolift Mesh Kit,Johnson & Johnson Medical Pty Ltd,Ethicon SARL (Switzerland),117686,Mesh kit
36131,19/12/2014,Ant Prosima Mesh Kit,Johnson & Johnson Medical Pty Ltd,Ethicon SARL (Switzerland),117686,Mesh kit
36138,19/12/2014,Antpost Prosima Mesh Kit,Johnson & Johnson Medical Pty Ltd,Ethicon SARL (Switzerland),117686,Mesh kit
36140,19/12/2014,Prolift A+P Mesh Kit,Johnson & Johnson Medical Pty Ltd,Ethicon SARL (Switzerland),117686,Mesh kit
36141,19/12/2014,Prosima Mesh Kit,Johnson & Johnson Medical Pty Ltd,Ethicon SARL (Switzerland),117686,Mesh kit
36146,19/12/2014,TVT Mesh Kit,Johnson & Johnson Medical Pty Ltd,Ethicon SARL (Switzerland),99193,"Prosthesis, incontinence"
36168,23/12/2014,Carefusion PC System LVP module,CareFusion Australia 316 Pty Ltd,CareFusion Switzerland 317 Sarl,130389,"Infusion pump, general-purpose"
36188,24/12/2014,Alaris Pump,CareFusion Australia 316 Pty Ltd,CareFusion Switzerland 317 Sarl,130389,"Infusion pump, general-purpose"
33196,27/12/2014,Posterior Repair Kit,Johnson & Johnson Medical Pty Ltd,Ethicon SARL (Switzerland),117686,Mesh kit
32107,27/12/2014,"Trans vaginal tape, TVT",Johnson & Johnson Medical Pty Ltd,Ethicon SARL (Switzerland),99193,"Prosthesis, incontinence"
32108,30/12/2014,Gynecare TVT Obturator,Johnson & Johnson Medical Pty Ltd,Ethicon SARL (Switzerland),99193,"Prosthesis, incontinence"
,,"Gynemesh PS, Mesh, surgical",Johnson & Johnson Medical Pty Ltd,Ethicon Inc T/a Gynecare Johnson & Johnson Wound Mgt ETHICON Wmns Hth & Urology,94490,"Mesh, surgical"
32116,30/12/2014,Trans vaginal tape,Johnson & Johnson Medical Pty Ltd,Ethicon SARL (Switzerland),99193,"Prosthesis, incontinence"
30544,30/12/2014,Trans vaginal tape device,Johnson & Johnson Medical Pty Ltd,Ethicon SARL (Switzerland),99193,"Prosthesis, incontinence"
35990,23/03/2015,"Alaris System dedicated infusion set 180micron, 32",CareFusion Australia 316 Pty Ltd,CareFusion Switzerland 317 Sarl,125916,Electric infusion pump administration set
37028,10/04/2015,"Audiclean Swimmer's Ear , Lavage unit, ear/nose/throat",Orion Laboratories Pty Ltd T/A Perrigo Australia,Naveh Pharma Ltd,221953,"Lavage unit, ear/nose/throat"
33236,28/04/2015,Infiniti® Enhanced Footswitch,Alcon Laboratories Australia Pty Ltd,Alcon Laboratories Inc,140945,"Remote control, foot-switch"
37454,22/05/2015,Gynecare Tension Free Vaginal Tape,Johnson & Johnson Medical Pty Ltd,Ethicon SARL (Switzerland),99193,"Prosthesis, incontinence"
37895,6/07/2015,Alaris PCAM Syringe Driver Patient Controlled Analgesia (PCA),CareFusion Australia 316 Pty Ltd,CareFusion Switzerland 317 Sarl,177503,"Infusion pump, analgesic, patient-controlled"
36577,11/08/2015,CENTURION FOOTSWITCH,Alcon Laboratories Australia Pty Ltd,Alcon Laboratories Inc,140945,"Remote control, foot-switch"
36958,11/08/2015,"CENTURION Vision System, Footswitch",Alcon Laboratories Australia Pty Ltd,Alcon Laboratories Inc,140945,"Remote control, foot-switch"
36972,11/08/2015,"INFINITI Vision System, Accessory, Footswitch",Alcon Laboratories Australia Pty Ltd,Alcon Laboratories Inc,94982,"Cataract extraction system generator, phacoemulsification"
,,"Remote control, foot-switch",Alcon Laboratories Australia Pty Ltd,Alcon Laboratories Inc,140945,"Remote control, foot-switch"
38344,17/08/2015,SwiveLock Suture Anchor,Device Technologies Australia Pty Ltd,Arthrex Inc,222907,Ligament anchor
38396,21/08/2015,Alaris extension set,CareFusion Australia 316 Pty Ltd,CareFusion Switzerland 317 Sarl,125916,Electric infusion pump administration set
38465,31/08/2015,Alaris GP infusion pump,CareFusion Australia 316 Pty Ltd,CareFusion Switzerland 317 Sarl,130389,"Infusion pump, general-purpose"
38486,2/09/2015,Trans-obturator tape using Gynecare TVT obturator system,Johnson & Johnson Medical Pty Ltd,Ethicon SARL Switzerland,99193,"Prosthesis, incontinence"
35344,15/09/2015,Alaris GH Plus Guardrails Syringe Pump,CareFusion Australia 316 Pty Ltd,CareFusion Switzerland 317 Sarl,177501,"Infusion pump, syringe"
35069,15/09/2015,Alaris GH Syringe pump with Guardrails safety software,CareFusion Australia 316 Pty Ltd,CareFusion Switzerland 317 Sarl,177501,"Infusion pump, syringe"
36840,15/09/2015,Alaris GP infusion pump (LVP),CareFusion Australia 316 Pty Ltd,CareFusion Switzerland 317 Sarl,130389,"Infusion pump, general-purpose"
34625,15/09/2015,Alaris GP plus infusion pump with Guardrails safety software,CareFusion Australia 316 Pty Ltd,CareFusion Switzerland 317 Sarl,130389,"Infusion pump, general-purpose"
37051,15/09/2015,Alaris System infusion set NV BLD 1SS DEHP FREE,CareFusion Australia 316 Pty Ltd,CareFusion Switzerland 317 Sarl,125916,Electric infusion pump administration set
38802,6/10/2015,Gynecare TVT-O,Johnson & Johnson Medical Pty Ltd,Ethicon SARL Switzerland,99193,"Prosthesis, incontinence"
36828,26/10/2015,Max Plus Clear IV connetor,CareFusion Australia 316 Pty Ltd,CareFusion Switzerland 317 Sarl,189737,"Connector, intravenous line"
39081,3/11/2015,Gynecare TVT System,Johnson & Johnson Medical Pty Ltd,Ethicon SARL Switzerland,99193,"Prosthesis, incontinence"
39351,24/11/2015,CareFusion Smartsite infusion set,CareFusion Australia 316 Pty Ltd,CareFusion Switzerland 317 Sarl,125916,Electric infusion pump administration set
40144,17/02/2016,Alaris IV Giving Set,CareFusion Australia 316 Pty Ltd,CareFusion Switzerland 317 Sarl,177500,Blood transfusion set
40239,25/02/2016,"Hersill, Perflow multy 0-5L/min",Swirl Technologies Pty Ltd T/A Parker Healthcare,Hersill SL,162952,Oxygen therapy flowmeter
40544,23/03/2016,ETHICON GYNECARE TVT SYSTEM,Johnson & Johnson Medical Pty Ltd,Ethicon SARL Switzerland,99193,"Prosthesis, incontinence"
40559,24/03/2016,Johnson and Johnson Ethicon Gynecare - Pelvic Organ Prolapse Mesh Repair For Women,Johnson & Johnson Medical Pty Ltd,Ethicon SARL Switzerland,99193,"Prosthesis, incontinence"
40641,3/04/2016,Gynaecare Prolift,Johnson & Johnson Medical Pty Ltd,Ethicon SARL Switzerland,117686,Mesh kit
40916,24/04/2016,J&J Prolift Mesh,Johnson & Johnson Medical Pty Ltd,Ethicon SARL Switzerland,117686,Mesh kit
40923,26/04/2016,Gynecare TVT - Tension Free Vaginal tape,Johnson & Johnson Medical Pty Ltd,Ethicon SARL Switzerland,132343,"Prosthesis, incontinence"
40972,27/04/2016,GYNECARE TVT - Pelvic tension free support fix for stress incontinence (SUI),Johnson & Johnson Medical Pty Ltd,Ethicon SARL Switzerland,99193,"Prosthesis, incontinence"
41023,30/04/2016,Gynecare TVT,Johnson & Johnson Medical Pty Ltd,Ethicon SARL Switzerland,132343,"Prosthesis, incontinence"
41024,1/05/2016,Gynecare TVT,Johnson & Johnson Medical Pty Ltd,Ethicon SARL Switzerland,132343,"Prosthesis, incontinence"
41025,1/05/2016,Gynecare TVT Tension Free support,Johnson & Johnson Medical Pty Ltd,Ethicon SARL Switzerland,132343,"Prosthesis, incontinence"
41724,22/06/2016,Advanced Clearblue Ovulation Test - Digital,Emergo Asia Pacific Pty Ltd T/a Emergo Australia,SPD Swiss Precision Diagnostics GmbH,206254,Clinical chemistry hormone IVDs
41860,29/06/2016,COMPLETE RevitaLens,AMO Australia Pty Ltd,Abbott Medical Optics Inc,127336,"Remote control, foot-switch"
42240,3/08/2016,"Carefusion Y extension set - Dual Smartsite NAD Port IV Extension Set, Luer Loc",CareFusion Australia 316 Pty Ltd,CareFusion Switzerland 317 Sarl,189736,"Tubing extension set, intravenous administration"
42418,19/08/2016,Tipac 80g Refobacin + Bone Cement - Specially formulated surgical cement,Zimmer Pty Ltd,Biomet Orthopaedics Switzerland GmbH,159406,"Cement, orthopaedic, bone"
42566,31/08/2016,Alarms Carefusion - IV giving set,CareFusion Australia 316 Pty Ltd,CareFusion Switzerland 317 Sarl,177500,Blood transfusion set
41094,19/09/2016,HeartStart MRx Switched Internal Paddles -4.5 cm - Rechargeable professional automated external defibrillator,Philips Electronics Australia Ltd,Philips Medical Systems,261352,Rechargeable professional automated external defibrillator
38602,22/09/2016,"20 INCH EXTENSION SET W/1 VLV PORT - Tubing extension set, intravenous administration",CareFusion Australia 316 Pty Ltd,CareFusion Switzerland 317 Sarl,189736,"Tubing extension set, intravenous administration"
43164,13/10/2016,Disposable t-piece infant resuscitation circuit with adjustable PEEP controller,Swirl Technologies Pty Ltd T/A Parker Healthcare,Mediplas Respiratory Products Sdn Bhd,188097,"Tube/mask breathing circuit connector, single-use"
39820,22/11/2016,GEM 20DP 3SS CKV DEHP FREE- Electric infusion pump administration set,CareFusion Australia 316 Pty Ltd,CareFusion Switzerland 317 Sarl,125916,Electric infusion pump administration set
38599,22/11/2016,Infusion set W/CV & 2 VLV PORTS 20 DRP,CareFusion Australia 316 Pty Ltd,CareFusion Switzerland 317 Sarl,125916,Electric infusion pump administration set
43792,23/11/2016,posterior PROLIFT,Johnson & Johnson Medical Pty Ltd,Ethicon SARL Switzerland,117686,Mesh kit
,,TVT-O,-,Gynecare,,-
44001,2/12/2016,ATOM Incu i Incubator,Swirl Technologies Pty Ltd T/A Parker Healthcare,Atom Medical Corporation,124805,"Incubator, infant, stationary"
43939,4/12/2016,Johnson & Johnson Gynecare TVT-O,Johnson & Johnson Medical Pty Ltd,Ethicon SARL Switzerland,99193,"Prosthesis, incontinence"
44106,16/12/2016,"Intravenous Administration Tubing Extension Set, 2",CareFusion Australia 316 Pty Ltd,CareFusion Switzerland 317 Sarl,189736,"Tubing extension set, intravenous administration"
44352,9/01/2017,Ethicon Mesh Implant,Johnson & Johnson Medical Pty Ltd,Ethicon SARL Switzerland,99193,"Prosthesis, incontinence"
44684,1/02/2017,Disposable t-piece infant resuscitation circuit with adjustable PEEP,Swirl Technologies Pty Ltd T/A Parker Healthcare,Mediplas Respiratory Products Sdn Bhd,188097,"Tube/mask breathing circuit connector, single-use"
44680,1/02/2017,"Intravenous administration tubing extension set, 2",CareFusion Australia 316 Pty Ltd,CareFusion Switzerland 317 Sarl,189736,"Tubing extension set, intravenous administration"
44897,19/02/2017,Gynecare TVT-O,Johnson & Johnson Medical Pty Ltd,Ethicon SARL Switzerland,99193,"Prosthesis, incontinence"
44930,21/02/2017,Gynecare Prolift - Pelvic floor repair systems,Johnson & Johnson Medical Pty Ltd,Ethicon SARL Switzerland,117686,Mesh kit
44972,24/02/2017,Carefusion - Smartsite dual port extension,CareFusion Australia 316 Pty Ltd,CareFusion Switzerland 317 Sarl,189736,"Tubing extension set, intravenous administration"
45276,16/03/2017,Gynecare TVT,Johnson & Johnson Medical Pty Ltd,Ethicon SARL Switzerland,99193,"Prosthesis, incontinence"
,,PROLIFT Pelvic Floor Repair System - Mesh kit,Johnson & Johnson Medical Pty Ltd,Ethicon SARL Switzerland,117686,Mesh kit
43842,20/04/2017,"CENTURION Vision System, Footswitch - Remote control, foot-switch",Alcon Laboratories Australia Pty Ltd,Alcon Laboratories Inc,140945,"Remote control, foot-switch"
45751,23/04/2017,Gynecare TVT Abbrevo - Continence System,Johnson & Johnson Medical Pty Ltd,Ethicon SARL Switzerland,99193,"Prosthesis, incontinence"
44925,24/04/2017,TVT exact retropubic system,Johnson & Johnson Medical Pty Ltd,Ethicon SARL Switzerland,99193,"Prosthesis, incontinence"
43895,24/04/2017,"TVT Exact Retropubic System - Prosthesis, incontinence",Johnson & Johnson Medical Pty Ltd,Ethicon SARL Switzerland,99193,"Prosthesis, incontinence"
45794,26/04/2017,Johnson & Johnson Gynecare Prolift Pelvic Floor Repair System,Johnson & Johnson Medical Pty Ltd,Ethicon SARL Switzerland,117686,Mesh kit
45927,4/05/2017,Tvt obturator tape orethrosuspension procedure,Johnson & Johnson Medical Pty Ltd,Ethicon SARL Switzerland,99193,"Prosthesis, incontinence"
45996,10/05/2017,Gynecare TVT Vaginal Mesh Sling,Johnson & Johnson Medical Pty Ltd,Ethicon SARL Switzerland,132343,"Prosthesis, incontinence"
46171,20/05/2017,TVT sling/mesh for incontinence,Johnson & Johnson Medical Pty Ltd,Ethicon SARL Switzerland,132343,"Prosthesis, incontinence"
46321,30/05/2017,TVT Device,Johnson & Johnson Medical Pty Ltd,Ethicon SARL Switzerland,99193,"Prosthesis, incontinence"
46341,31/05/2017,"AIRWAYS DSE CATHETER MOUNT, Extension Tube with double Swivel Elbow and 15MM male connector",Southern Cross Hospital Supplies,Southern Cross Hospital Supplies,273384,"Tube/mask breathing circuit connector, sterile"
46332,31/05/2017,Gyneacare tvt,Johnson & Johnson Medical Pty Ltd,Ethicon SARL Switzerland,99193,"Prosthesis, incontinence"
46323,31/05/2017,Gynecare TVT Exact,Johnson & Johnson Medical Pty Ltd,Ethicon SARL Switzerland,99193,"Prosthesis, incontinence"
46430,6/06/2017,Johnson & Johnson - Total Prolift - Mesh,Johnson & Johnson Medical Pty Ltd,Ethicon SARL Switzerland,117686,Mesh kit
46501,11/06/2017,Gynacare TVT Exact,Johnson & Johnson Medical Pty Ltd,Ethicon SARL Switzerland,99193,"Prosthesis, incontinence"
46505,12/06/2017,Gynaecare TVT System,Johnson & Johnson Medical Pty Ltd,Ethicon SARL Switzerland,99193,"Prosthesis, incontinence"
46602,16/06/2017,Nicolet® Elite® Doppler Probe,Swirl Technologies Pty Ltd T/A Parker Healthcare,CareFusion 209 Inc,128657,"Ultrasound system, non-imaging, Doppler blood-flow measurement"
46615,19/06/2017,Prosima mesh,Johnson & Johnson Medical Pty Ltd,Ethicon SARL Switzerland,117686,Mesh kit
,,"TVT Device - Prosthesis, internal, incontinence",Johnson & Johnson Medical Pty Ltd,Ethicon SARL Switzerland,99193,"Prosthesis, incontinence"
46739,28/06/2017,Gynecare TVT Device,Johnson & Johnson Medical Pty Ltd,Ethicon SARL Switzerland,99193,"Prosthesis, incontinence"
45700,29/06/2017,Prolift Gynaecare - Mesh Kit,Johnson & Johnson Medical Pty Ltd,Ethicon SARL Switzerland,117686,Mesh kit
47089,24/07/2017,Carefusion Syringe Driver,CareFusion Australia 316 Pty Ltd,CareFusion Switzerland 317 Sarl,177501,"Infusion pump, syringe"
47086,24/07/2017,Ethicon Gynecare TVT,Johnson & Johnson Medical Pty Ltd,Ethicon SARL Switzerland,99193,"Prosthesis, incontinence"
47111,25/07/2017,Johnson and Johnson Gynecare TVT-O,Johnson & Johnson Medical Pty Ltd,Ethicon SARL Switzerland,99193,"Prosthesis, incontinence"
47131,26/07/2017,Gynecare TVT device,Johnson & Johnson Medical Pty Ltd,Ethicon SARL Switzerland,99193,"Prosthesis, incontinence"
47186,28/07/2017,TVT Gynecare,Johnson & Johnson Medical Pty Ltd,Ethicon SARL Switzerland,99193,"Prosthesis, incontinence"
47275,3/08/2017,"Johnson and Johnson Gynecare Prolift Pelvic Floor Repair Systems (Anterior, Posterior or Total)",Johnson & Johnson Medical Pty Ltd,Ethicon SARL Switzerland,117686,Mesh kit
47324,9/08/2017,Gynecare,Johnson & Johnson Medical Pty Ltd,Ethicon SARL Switzerland,99193,"Prosthesis, incontinence"
47344,11/08/2017,Gynecare Prolift Anterior Pelvic Floor Repair System,Johnson & Johnson Medical Pty Ltd,Ethicon SARL Switzerland,117686,Mesh kit
47513,19/08/2017,Johnson & Johnson Gynecare TVT,Johnson & Johnson Medical Pty Ltd,Ethicon SARL Switzerland,132343,"Prosthesis, incontinence"
47649,29/08/2017,Gynecare TVT Abbrevo Medical Implant Device,Johnson & Johnson Medical Pty Ltd,Ethicon SARL Switzerland,99193,"Prosthesis, incontinence"
47736,1/09/2017,Johnson and Johnson TVT Exact,Johnson & Johnson Medical Pty Ltd,Ethicon SARL Switzerland,99193,"Prosthesis, incontinence"
,,"Mesh, surgical",Boston Scientific Pty Ltd,Boston Scientific Corporation,150342,"Mesh, surgical"
48035,21/09/2017,Care Fusion - Alaris product Intravenous infusion syringe pump line with anti- siphon valve - 205 cm,Becton Dickinson Pty Ltd,CareFusion Switzerland 317 Sarl,125460,"Infusion administration set, controller"
48074,25/09/2017,Gynecare TVT System - Tension free system for incontience,Johnson & Johnson Medical Pty Ltd,Ethicon SARL Switzerland,99193,"Prosthesis, incontinence"
48075,25/09/2017,"Gynecare TVT, Prosthesis, incontinence",Johnson & Johnson Medical Pty Ltd,Ethicon SARL Switzerland,99193,"Prosthesis, incontinence"
48084,26/09/2017,Ethicon Gynecare TVT System,Johnson & Johnson Medical Pty Ltd,Ethicon SARL Switzerland,99193,"Prosthesis, incontinence"
48110,28/09/2017,Gynaecare Prolift Mesh,Johnson & Johnson Medical Pty Ltd,Ethicon SARL Switzerland,117686,Mesh kit
48117,28/09/2017,Johnson and Johnson - Transvaginal mesh sling - Prosima,Johnson & Johnson Medical Pty Ltd,Ethicon SARL Switzerland,117686,Mesh kit
48169,3/10/2017,Gynecare TVT tension free support - Mesh device to help with bladder prolapse,Johnson & Johnson Medical Pty Ltd,Ethicon SARL Switzerland,132343,"Prosthesis, incontinence"
48197,4/10/2017,Gynecare TVT System - Transobturator,Johnson & Johnson Medical Pty Ltd,Ethicon SARL Switzerland,132343,"Prosthesis, incontinence"
,,Gynecare Gynemesh PS Prolene,-,Ethicon LLC,,-
,,Ultrapro Mesh,-,Ethicon,,-
48313,11/10/2017,Gynecare TVT Obturator,Johnson & Johnson Medical Pty Ltd,Ethicon SARL Switzerland,99193,"Prosthesis, incontinence"
48337,12/10/2017,Gynecare Prosima for Prolapse,Johnson & Johnson Medical Pty Ltd,Ethicon SARL Switzerland,117686,Mesh kit
48338,12/10/2017,Gynecare TVT-0 for urinary incontinence,Johnson & Johnson Medical Pty Ltd,Ethicon SARL Switzerland,99193,"Prosthesis, incontinence"
48346,13/10/2017,Gynaecare TVT,Johnson & Johnson Medical Pty Ltd,Ethicon SARL Switzerland,99193,"Prosthesis, incontinence"
48351,13/10/2017,Gynecare TVT obturator,Johnson & Johnson Medical Pty Ltd,Ethicon SARL Switzerland,99193,"Prosthesis, incontinence"
48362,15/10/2017,Johnson & Johnson Gynecare Prolift,Johnson & Johnson Medical Pty Ltd,Ethicon SARL Switzerland,99193,"Prosthesis, incontinence"
48370,16/10/2017,Gynecare TVT system,Johnson & Johnson Medical Pty Ltd,Ethicon SARL Switzerland,132343,"Prosthesis, incontinence"
,,Ultrapro mesh 15 x15 cm,-,Ethicon,,-
48646,24/10/2017,"Gynecare TVT Device, Mesh",Johnson & Johnson Medical Pty Ltd,Ethicon SARL Switzerland,99193,"Prosthesis, incontinence"
48574,29/10/2017,TVT Trans-Vaginal Tape O - Mesh,Johnson & Johnson Medical Pty Ltd,Ethicon SARL Switzerland,99193,"Prosthesis, incontinence"
48591,30/10/2017,"Gynecare TVT Obturator, Mesh",Johnson & Johnson Medical Pty Ltd,Ethicon SARL Switzerland,99193,"Prosthesis, incontinence"
48771,4/11/2017,Prolene Mesh - Mesh kit,Johnson & Johnson Medical Pty Ltd,Ethicon SARL Switzerland,117686,Mesh kit
45206,14/11/2017,"MAXPLUS POSITIVE PRESSURE CONNECTOR - Connector, intravenous line",CareFusion Australia 316 Pty Ltd,CareFusion Switzerland 317 Sarl,189737,"Connector, intravenous line"
,,Fresenius Infusion set,-,Fresenius,,-
48886,17/11/2017,"GoldVac Rocker Switch Smoke Evacuation Pencil - Electrosurgical diathermy system conducting unit, hand-controlled, evacuation, single-use",ConMed Linvatec Australia Pty Ltd,ConMed Corporation,160999,"Electrosurgical diathermy system conducting unit, hand-controlled, evacuation, single-use"
48975,23/11/2017,Gynecare TVT Obturator Suburethral Sling,Johnson & Johnson Medical Pty Ltd,Ethicon SARL Switzerland,99193,"Prosthesis, incontinence"
49028,27/11/2017,Johnson and Johnson Tension free vaginal tape - Exact,Johnson & Johnson Medical Pty Ltd,Ethicon SARL Switzerland,99193,"Prosthesis, incontinence"
49106,29/11/2017,Gynecare - Anterior and posterior Prosima Combined Pelvic Floor Repair System,Johnson & Johnson Medical Pty Ltd,Ethicon SARL Switzerland,117686,Mesh kit
49122,30/11/2017,Gynecare TVT Obturator system,Johnson & Johnson Medical Pty Ltd,Ethicon SARL Switzerland,99193,"Prosthesis, incontinence"
,,Tape,-,Ethicon,,-
49134,1/12/2017,TVT Abbrevo Suburethral mesh,Johnson & Johnson Medical Pty Ltd,Ethicon SARL Switzerland,99193,"Prosthesis, incontinence"
47521,18/12/2017,GEM V/NV PRIMARY 20DP - Electric infusion pump administration set,CareFusion Australia 316 Pty Ltd,CareFusion Switzerland 317 Sarl,125916,Electric infusion pump administration set
49427,20/12/2017,Tvt Exact. Johnson and Johnson - Vaginal sling,Johnson & Johnson Medical Pty Ltd,Ethicon SARL Switzerland,99193,"Prosthesis, incontinence"
49562,2/01/2018,"Johnson and Johnson Pelvic implant - Prosthesis, incontinence",Johnson & Johnson Medical Pty Ltd,Ethicon SARL Switzerland,99193,"Prosthesis, incontinence"
49587,3/01/2018,Gynecare TVT Abbrevo - Mesh tape for Stress Urinary Incontinence,Johnson & Johnson Medical Pty Ltd,Ethicon SARL Switzerland,99193,"Prosthesis, incontinence"
49715,12/01/2018,BD carefusion - Quad Line Alaris GP Volumetric Pump Alaris Safety Clamp Smartsite Needle free System,CareFusion Australia 316 Pty Ltd,BD Switzerland Sarl,125916,Electric infusion pump administration set
49785,18/01/2018,BD Carefusion - Alaris GP Volumetric pump needle free system,CareFusion Australia 316 Pty Ltd,BD Switzerland Sarl,177500,Blood transfusion set
,,PK infusion pump,-,carefusion,,-
50070,6/02/2018,"Gynecare TVT - Prosthesis, incontinence",Johnson & Johnson Medical Pty Ltd,Ethicon SARL Switzerland,99193,"Prosthesis, incontinence"
50101,7/02/2018,Gynecare TVT ETHICON J & J GYNEMESH,Johnson & Johnson Medical Pty Ltd,Ethicon SARL Switzerland,99193,"Prosthesis, incontinence"
47407,8/02/2018,"GYNECARE TVT OBTURATOR - Prosthesis, incontinence",Johnson & Johnson Medical Pty Ltd,Ethicon SARL Switzerland,99193,"Prosthesis, incontinence"
50118,8/02/2018,Gynecare TVT* System,Johnson & Johnson Medical Pty Ltd,Ethicon SARL Switzerland,99193,"Prosthesis, incontinence"
47402,8/02/2018,"TVT-O - Prosthesis, incontinence",Johnson & Johnson Medical Pty Ltd,Ethicon SARL Switzerland,99193,"Prosthesis, incontinence"
50128,9/02/2018,Johnson & Johnson TVT,Johnson & Johnson Medical Pty Ltd,Ethicon SARL Switzerland,99193,"Prosthesis, incontinence"
,,"Prosima, PROLIFT Pelvic Floor Repair System - Mesh kit",Johnson & Johnson Medical Pty Ltd,Ethicon SARL Switzerland,117686,Mesh kit
50392,11/02/2018,TVT sling - mesh,Johnson & Johnson Medical Pty Ltd,Ethicon SARL Switzerland,99193,"Prosthesis, incontinence"
50230,13/02/2018,Gynecare TVT Exact - TVTRL,Johnson & Johnson Medical Pty Ltd,Ethicon SARL Switzerland,99193,"Prosthesis, incontinence"
50162,13/02/2018,Gynecare TVT system,Johnson & Johnson Medical Pty Ltd,Ethicon SARL Switzerland,99193,"Prosthesis, incontinence"
50218,15/02/2018,Gynecare TVT Exact (Implant),Johnson & Johnson Medical Pty Ltd,Ethicon SARL Switzerland,99193,"Prosthesis, incontinence"
50246,18/02/2018,"TVT Prosthesis, incontinence",Johnson & Johnson Medical Pty Ltd,Ethicon SARL Switzerland,99193,"Prosthesis, incontinence"
,,"Prosima, PROLIFT Pelvic Floor Repair System - Mesh kit",Johnson & Johnson Medical Pty Ltd,Ethicon SARL Switzerland,117686,Mesh kit
47396,19/02/2018,"TVT-O - Prosthesis, incontinence",Johnson & Johnson Medical Pty Ltd,Ethicon SARL Switzerland,99193,"Prosthesis, incontinence"
47399,19/02/2018,"TVT-O - Prosthesis, incontinence",Johnson & Johnson Medical Pty Ltd,Ethicon SARL Switzerland,99193,"Prosthesis, incontinence"
50304,22/02/2018,Gynecare TVT Obturator,Johnson & Johnson Medical Pty Ltd,Ethicon SARL Switzerland,99193,"Prosthesis, incontinence"
50369,23/02/2018,Gynecare TVT Exact,Johnson & Johnson Medical Pty Ltd,Ethicon SARL Switzerland,99193,"Prosthesis, incontinence"
50322,23/02/2018,Prolift Anterior Pelvic Floor Repair System,Johnson & Johnson Medical Pty Ltd,Ethicon SARL Switzerland,117686,Mesh kit
50328,24/02/2018,TVT Obturator,Johnson & Johnson Medical Pty Ltd,Ethicon SARL Switzerland,99193,"Prosthesis, incontinence"
50365,27/02/2018,Gynecare Transvaginal Mesh Prolift,Johnson & Johnson Medical Pty Ltd,Ethicon SARL Switzerland,117686,Mesh kit
50693,16/03/2018,TVT Sling,Johnson & Johnson Medical Pty Ltd,Ethicon SARL Switzerland,99193,"Prosthesis, incontinence"
50779,22/03/2018,Johnson & Johnson Prolift MESH - HAHS.CPP.003 Minor Basic Pack 703789 - Prolift Anterior and Posterior Plastic MESH,Johnson & Johnson Medical Pty Ltd,Ethicon SARL Switzerland,117686,Mesh kit
,,"TVT-O Secur, TVT Device - Prosthesis, internal, incontinence",Johnson & Johnson Medical Pty Ltd,Ethicon SARL Switzerland,99193,"Prosthesis, incontinence"
50780,22/03/2018,"TVTO Oburator - Trans Oburator, Pubourethral sling",Johnson & Johnson Medical Pty Ltd,Ethicon SARL Switzerland,99193,"Prosthesis, incontinence"
50842,27/03/2018,Gynacare TVT - Vaginal Mesh,Johnson & Johnson Medical Pty Ltd,Ethicon SARL Switzerland,99193,"Prosthesis, incontinence"
50847,27/03/2018,Gynecare TVT system - TVT mesh device,Johnson & Johnson Medical Pty Ltd,Ethicon SARL Switzerland,99193,"Prosthesis, incontinence"
50938,2/04/2018,"Gynecare TVT - Prosthesis, incontinence",Johnson & Johnson Medical Pty Ltd,Ethicon SARL Switzerland,99193,"Prosthesis, incontinence"
50994,6/04/2018,Gynecare TVT Exact,Johnson & Johnson Medical Pty Ltd,Ethicon SARL Switzerland,99193,"Prosthesis, incontinence"
51075,11/04/2018,Gynecare TVT-O Transobturator Sling,Johnson & Johnson Medical Pty Ltd,Ethicon SARL Switzerland,99193,"Prosthesis, incontinence"
51275,20/04/2018,Gynecare TVT System,Johnson & Johnson Medical Pty Ltd,Ethicon SARL Switzerland,99193,"Prosthesis, incontinence"
50682,16/05/2018,Maestro 4000 Footswitch - Remote control,Boston Scientific Pty Ltd,Boston Scientific Corporation,282835,"Remote control, foot-switch"
50136,17/05/2018,"Huber Plus SWIS 20G x 1.9cm w/ Y - Intravenous administration set, noncoring needle",Bard Australia Pty Ltd,Bard Access Systems Inc,136878,"Intravenous administration set, noncoring needle"
46917,18/05/2018,Alaris GH Syringe Pump - Infusion,CareFusion Australia 316 Pty Ltd,CareFusion Switzerland 317 Sarl,177501,"Infusion pump, syringe"
,,Agilla Volumetric Pump,-,Fresenius Kabi,,-
51785,22/05/2018,Gynecare TVT Device,Johnson & Johnson Medical Pty Ltd,Ethicon SARL Switzerland,99193,"Prosthesis, incontinence"
50888,23/05/2018,Maestro Foot Switch - Cardiac tissue ablation system,Boston Scientific Pty Ltd,Boston Scientific Corporation,162731,Cardiac tissue ablation system
46619,28/05/2018,Alaris CC Plus Guardrails Syringe Pump,CareFusion Australia 316 Pty Ltd,CareFusion Switzerland 317 Sarl,177501,"Infusion pump, syringe"
49565,6/06/2018,"CENTURION Vision System - Cataract extraction system generator, phacoemulsification",Alcon Laboratories Australia Pty Ltd,Alcon Laboratories Inc,94982,"Cataract extraction system generator, phacoemulsification"
,,"Remote control, foot-switch",Alcon Laboratories Australia Pty Ltd,Alcon Laboratories Inc,140945,"Remote control, foot-switch"
52872,5/08/2018,"Johnson and Johnson Transvaginal Tape - TVT Gynecare - Prosthesis, incontinence",Johnson & Johnson Medical Pty Ltd,Ethicon SARL Switzerland,99193,"Prosthesis, incontinence"
,,Knee replacements x 2,-,Unsure,,-
,,St Jude neurostimulator,-,Advanced Neuromodulation Systems Inc (ANS) Texas USA,,-
52879,6/08/2018,"Gynecare TVT - Polypropylene mesh, tape or sling - Prosthesis, incontinence",Johnson & Johnson Medical Pty Ltd,Ethicon SARL Switzerland,99193,"Prosthesis, incontinence"
52911,8/08/2018,"Gynecare/Ethicon Pubourethral Sling - TVTRL - Prosthesis, incontinence",Johnson & Johnson Medical Pty Ltd,Ethicon SARL Switzerland,99193,"Prosthesis, incontinence"
53277,31/08/2018,Johnson & Johnson Gynecare Prosima and Vicryl Mesh Pubo Vaginal Sling - Mesh Kit,Johnson & Johnson Medical Pty Ltd,Ethicon SARL Switzerland,117686,Mesh kit
53556,21/09/2018,"CareFusion - Western Spikes - Tubing extension set, intravenous administration",CareFusion Australia 316 Pty Ltd,BD Switzerland Sarl,246693,Intravenous fluid bag spike
,,CareFusion,-,Alaris Products,,-
53671,28/09/2018,Gynecare TVT obturator,Johnson & Johnson Medical Pty Ltd,Ethicon SARL Switzerland,99193,"Prosthesis, incontinence"
52915,1/10/2018,"Swift-Lock Anchor - Holder, cable/lead",Abbott Medical Australia Pty Ltd,Advanced Neuromodulation Systems Inc,129858,"Holder, cable/lead"
53862,13/10/2018,"Gynecare TVT Exact - Prosthesis, incontinence",Johnson & Johnson Medical Pty Ltd,Ethicon SARL Switzerland,99193,"Prosthesis, incontinence"
54127,30/10/2018,"Johnson and Johnson - Prosthesis, incontinence",Johnson & Johnson Medical Pty Ltd,Ethicon SARL Switzerland,99193,"Prosthesis, incontinence"
54208,1/11/2018,"Gynecare TVT System - Prosthesis, incontinence",Johnson & Johnson Medical Pty Ltd,Ethicon SARL Switzerland,99193,"Prosthesis, incontinence"
53289,2/11/2018,"Huber Plus SWIS 20G x 2.5cm w/ Y - Intravenous administration set, noncoring needle",Bard Australia Pty Ltd,Bard Access Systems Inc,136878,"Intravenous administration set, noncoring needle"
54212,2/11/2018,"Johnson & Johnson Medical - TVT mesh - Prosthesis, incontinence",Johnson & Johnson Medical Pty Ltd,Ethicon SARL Switzerland,99193,"Prosthesis, incontinence"
54332,8/11/2018,"Johnson & Johnson Pelvic Mesh Implant - Prosthesis, incontinence",Johnson & Johnson Medical Pty Ltd,Ethicon SARL Switzerland,99193,"Prosthesis, incontinence"
54442,14/11/2018,Gynecare Prosima - Mesh kit,Johnson & Johnson Medical Pty Ltd,Ethicon SARL Switzerland,117686,Mesh kit
54533,20/11/2018,Gynecare Prolift - Mesh kit - Large Transvaginal Mesh no longer registered,Johnson & Johnson Medical Pty Ltd,Ethicon SARL Switzerland,117686,Mesh kit
54548,21/11/2018,"Gynecare TVT - Prosthesis, incontinence - Mesh sling 810041B",Johnson & Johnson Medical Pty Ltd,Ethicon SARL Switzerland,99193,"Prosthesis, incontinence"
54615,26/11/2018,"Gynecare Prolift Pelvic Repair Systems (Anterior, Posterior and Total) - Mesh kit",Johnson & Johnson Medical Pty Ltd,Ethicon SARL Switzerland,117686,Mesh kit
54631,27/11/2018,Gynecare TVT Tension Free Support for Incontinence,Johnson & Johnson Medical Pty Ltd,Ethicon SARL Switzerland,99193,"Prosthesis, incontinence"
53385,28/11/2018,PROLIFT Pelvic Floor Repair - Mesh kit,Johnson & Johnson Medical Pty Ltd,Ethicon SARL Switzerland,117686,Mesh kit
54766,5/12/2018,"Gynecare TVT Device - Prosthesis, incontinence",Johnson & Johnson Medical Pty Ltd,Ethicon SARL Switzerland,99193,"Prosthesis, incontinence"
54874,11/12/2018,Monarc Sling TVTO,ASTORA Women's Health Australia Pty Ltd,American Medical Systems Inc,92718,"Mesh, surgical"
,,"TVT Device - Prosthesis, internal, incontinence",Johnson & Johnson Medical Pty Ltd,Ethicon SARL Switzerland,99193,"Prosthesis, incontinence"
54901,12/12/2018,"Alaris Asena Syringe Pump - Infusion pump, syringe",CareFusion Australia 316 Pty Ltd,BD Switzerland Sarl,177501,"Infusion pump, syringe"
,,Alaris Asena,-,Alaris,,-
55073,20/12/2018,"Johnson and Johnson - Prosthesis, incontinence",Johnson & Johnson Medical Pty Ltd,Ethicon SARL Switzerland,99193,"Prosthesis, incontinence"
55249,6/01/2019,Prolift mesh - transvaginal mesh for prolapse,Johnson & Johnson Medical Pty Ltd,Ethicon SARL Switzerland,117686,Mesh kit
53748,11/01/2019,PROLIFT Pelvic Floor Repair - Mesh kit,Johnson & Johnson Medical Pty Ltd,Ethicon SARL Switzerland,117686,Mesh kit
55424,17/01/2019,"TVT-O - Prosthesis, incontinence",Johnson & Johnson Medical Pty Ltd,Ethicon SARL Switzerland,99193,"Prosthesis, incontinence"
47356,24/01/2019,Adult Anaesthetic Breathing Circuit,Swirl Technologies Pty Ltd T/A Parker Healthcare,Mediplas Respiratory Products Sdn Bhd,188096,"Breathing circuit, anaesthesia, single use"
47758,24/01/2019,"Parker Healthcare Pty Ltd - Breathing circuit, anaesthesia, single use",Swirl Technologies Pty Ltd T/A Parker Healthcare,Mediplas Respiratory Products Sdn Bhd,188096,"Breathing circuit, anaesthesia, single use"
48116,24/01/2019,"Parker Healthcare Pty Ltd Disposable Catheter Mount - Breathing circuit, anaesthesia, single use",Swirl Technologies Pty Ltd T/A Parker Healthcare,Mediplas Respiratory Products Sdn Bhd,188096,"Breathing circuit, anaesthesia, single use"
55689,6/02/2019,"Johnson and Johnson - transvaginal mesh gynecare TVT - Prosthesis, incontinence",Johnson & Johnson Medical Pty Ltd,Ethicon SARL Switzerland,99193,"Prosthesis, incontinence"
49533,7/02/2019,SwishPlus - Swish Tapered Implant 4.1mmD x 12 mmL SBM Dual Blast: 4.8mm D Platform,Implant Direct Oceania Pty Ltd,Implant Direct Sybron Manufacturing LLC,238870,Dental implant system
53382,8/02/2019,PROLIFT Pelvic Floor Repair - Mesh kit,Johnson & Johnson Medical Pty Ltd,Ethicon SARL Switzerland,117686,Mesh kit
54839,8/02/2019,"Surgicel Absorbable Hemostat - Gauze, absorbable",Johnson & Johnson Medical Pty Ltd,Ethicon SARL Switzerland,177702,"Gauze, absorbable"
55927,20/02/2019,"Johnson & Johnson Gynecare TVT - Prosthesis, incontinence",Johnson & Johnson Medical Pty Ltd,Ethicon SARL Switzerland,99193,"Prosthesis, incontinence"
55984,24/02/2019,Johnson & Johnson - Gynecare TVT RL Exact,Johnson & Johnson Medical Pty Ltd,Ethicon SARL Switzerland,99193,"Prosthesis, incontinence"
56006,26/02/2019,Gynae TVT Obturator Device,Johnson & Johnson Medical Pty Ltd,Ethicon SARL Switzerland,99193,"Prosthesis, incontinence"
56130,4/03/2019,"VALVE, NEEDLE-FREE INJECTION PORT, MALE LUER LOCK - Connector, intravenous line",CareFusion Australia 316 Pty Ltd,BD Switzerland Sarl,246696,Negative-pressure needleless valve-connector
56152,5/03/2019,J & J Ethicon - Gynecare TVT System - Tension Free Support,Johnson & Johnson Medical Pty Ltd,Ethicon SARL Switzerland,99193,"Prosthesis, incontinence"
56167,6/03/2019,"500-021EV - Tubing extension set, intravenous administration",CareFusion Australia 316 Pty Ltd,BD Switzerland Sarl,189736,"Tubing extension set, intravenous administration"
56166,6/03/2019,"500-021EV Intravenous Administration Tubing Extension Set, 2",CareFusion Australia 316 Pty Ltd,BD Switzerland Sarl,189736,"Tubing extension set, intravenous administration"
56292,13/03/2019,Smartsite - Negative-pressure needleless valve-connector,CareFusion Australia 316 Pty Ltd,BD Switzerland Sarl,246696,Negative-pressure needleless valve-connector
,,SwabCap,-,ICU Medical,,-
56430,19/03/2019,"Johnson and Johnson Tvt-o mesh implant - Prosthesis, incontinence",Johnson & Johnson Medical Pty Ltd,Ethicon SARL Switzerland,99193,"Prosthesis, incontinence"
56476,21/03/2019,"Alaris Gateway Workstation - Infusion pump management unit, mobile",Becton Dickinson Pty Ltd,BD Switzerland Sarl,304863,"Infusion pump management unit, mobile"
56518,22/03/2019,Alaris PC - Electric infusion pump administration set,CareFusion Australia 316 Pty Ltd,BD Switzerland Sarl,130389,"Infusion pump, general-purpose"
56525,22/03/2019,"J&J TVT-O Pelvic organ sling - Prosthesis, incontinence",Johnson & Johnson Medical Pty Ltd,Ethicon SARL Switzerland,99193,"Prosthesis, incontinence"
56575,26/03/2019,"Gynecare TVT Device - Prosthesis, incontinence",Johnson & Johnson Medical Pty Ltd,Ethicon SARL Switzerland,99193,"Prosthesis, incontinence"
56580,26/03/2019,Johnson & Johnson - Ethicon TVT Exact - Tension free Tape for Urinary Stress Incontinence (USI),Johnson & Johnson Medical Pty Ltd,Ethicon SARL Switzerland,99193,"Prosthesis, incontinence"
56688,1/04/2019,"Gynecare TVTO Obturator - Prosthesis, incontinence",Johnson & Johnson Medical Pty Ltd,Ethicon SARL Switzerland,99193,"Prosthesis, incontinence"
56774,5/04/2019,"Gynecare TVT Bladder sling - Prosthesis, incontinence",Johnson & Johnson Medical Pty Ltd,Ethicon SARL Switzerland,99193,"Prosthesis, incontinence"
56883,11/04/2019,"Abbrevo trans vaginal tape - Prosthesis, incontinence",Johnson & Johnson Medical Pty Ltd,Ethicon SARL Switzerland,99193,"Prosthesis, incontinence"
56960,15/04/2019,"Medwarm - Heating unit, pad, electric, system",Swirl Technologies Pty Ltd T/A Parker Healthcare,Istanbul Medikal Limited Sirketi,271912,"Heating unit, pad, electric, system"
55279,16/04/2019,"Gynecare TVT device - Prosthesis, incontinence",Johnson & Johnson Medical Pty Ltd,Ethicon SARL Switzerland,99193,"Prosthesis, incontinence"
57020,18/04/2019,Prosima,Johnson & Johnson Medical Pty Ltd,Ethicon SARL Switzerland,117686,Mesh kit
57694,31/05/2019,"Perigee - Mesh, surgical",ASTORA Women's Health Australia Pty Ltd,American Medical Systems Inc,108395,"Mesh, surgical"
,,"TVT Device - Prosthesis, internal, incontinence",Johnson & Johnson Medical Pty Ltd,Ethicon SARL Switzerland,99193,"Prosthesis, incontinence"
57860,11/06/2019,Johnson & Johnson - Gynaecare Prolift (TOTAL) - Mesh repair kit for POP,Johnson & Johnson Medical Pty Ltd,Ethicon SARL Switzerland,117686,Mesh kit
54005,13/06/2019,"Alaris GP Guardrails Volumetric Pump with Plus software - Infusion pump, general-purpose",CareFusion Australia 316 Pty Ltd,BD Switzerland Sarl,130389,"Infusion pump, general-purpose"
57984,18/06/2019,"Alaris - Tubing extension set, intravenous administration",CareFusion Australia 316 Pty Ltd,BD Switzerland Sarl,189736,"Tubing extension set, intravenous administration"
58160,30/06/2019,TVT - Transvaginal Mesh Tape,Johnson & Johnson Medical Pty Ltd,Ethicon SARL Switzerland,99193,"Prosthesis, incontinence"
58196,2/07/2019,"Ethicon/Johnson and Johnson - TVT-O tape - Prosthesis, incontinence",Johnson & Johnson Medical Pty Ltd,Ethicon SARL Switzerland,99193,"Prosthesis, incontinence"
58187,2/07/2019,"Johnson & Johnson - TVT exact - Prosthesis, incontinence",Johnson & Johnson Medical Pty Ltd,Ethicon SARL Switzerland,99193,"Prosthesis, incontinence"
58184,2/07/2019,"Johnson & Johnson - TVT exact - Prosthesis, incontinence",Johnson & Johnson Medical Pty Ltd,Ethicon SARL Switzerland,99193,"Prosthesis, incontinence"
58185,2/07/2019,"Johnson & Johnson tvt CLASSIC - Prosthesis, incontinence",Johnson & Johnson Medical Pty Ltd,Ethicon SARL Switzerland,99193,"Prosthesis, incontinence"
58247,4/07/2019,"Johnson & Johnson Ethicon TVT Sling - Prosthesis, incontinence",Johnson & Johnson Medical Pty Ltd,Ethicon SARL Switzerland,99193,"Prosthesis, incontinence"
58288,8/07/2019,"J&J TVT Retropubic tape - Prosthesis, incontinence",Johnson & Johnson Medical Pty Ltd,Ethicon SARL Switzerland,99193,"Prosthesis, incontinence"
56398,8/07/2019,"Surgicel Absorbable Hemostat - Gauze, absorbable",Johnson & Johnson Medical Pty Ltd,Ethicon SARL Switzerland,177702,"Gauze, absorbable"
58308,9/07/2019,"J&J TVT - Prosthesis, incontinence",Johnson & Johnson Medical Pty Ltd,Ethicon SARL Switzerland,99193,"Prosthesis, incontinence"
58309,9/07/2019,"J&J TVT - Prosthesis, incontinence",Johnson & Johnson Medical Pty Ltd,Ethicon SARL Switzerland,99193,"Prosthesis, incontinence"
58310,9/07/2019,"J&J TVT - Prosthesis, incontinence",Johnson & Johnson Medical Pty Ltd,Ethicon SARL Switzerland,99193,"Prosthesis, incontinence"
58305,9/07/2019,"J&J TVT-O - Vaginal sling, continence device",Johnson & Johnson Medical Pty Ltd,Ethicon SARL Switzerland,132343,"Prosthesis, incontinence"
58321,9/07/2019,"MiniArc - Mesh, surgical",ASTORA Women's Health Australia Pty Ltd,American Medical Systems Inc,144354,"Mesh, surgical"
,,"JNJ Transobturator tape Device - Prosthesis, internal, incontinence",Johnson & Johnson Medical Pty Ltd,Ethicon SARL Switzerland,99193,"Prosthesis, incontinence"
58406,15/07/2019,"J&J TVT tape - Prosthesis, incontinence",Johnson & Johnson Medical Pty Ltd,Ethicon SARL Switzerland,99193,"Prosthesis, incontinence"
58025,23/07/2019,"Huber Plus SWIS 20G 2.5cm w/Y - Intravenous administration set, noncoring needle",Bard Australia Pty Ltd,Bard Access Systems Inc,136878,"Intravenous administration set, noncoring needle"
55564,31/07/2019,"Huber Plus SWIS 20G x 1.3cm w/out Y - Intravenous administration set, noncoring needle",Bard Australia Pty Ltd,Bard Access Systems Inc,136878,"Intravenous administration set, noncoring needle"
58765,6/08/2019,"Circuit Resuscitation Adult Single Use, Bag and Circuit - Resuscitator, pulmonary, manual, single use",Swirl Technologies Pty Ltd T/A Parker Healthcare,Hsiner Co Ltd,165458,"Resuscitator, pulmonary, manual, single use"
58791,6/08/2019,"Gynaecare TVT Exact - Prosthesis, incontinence",Johnson & Johnson Medical Pty Ltd,Ethicon SARL Switzerland,99193,"Prosthesis, incontinence"
58793,6/08/2019,"Tension-free vaginal tape - Prosthesis, incontinence",Johnson & Johnson Medical Pty Ltd,Ethicon SARL Switzerland,99193,"Prosthesis, incontinence"
57427,22/08/2019,"Zimmer Biomet T3 TM Non-Platform Switch Tapered Implant 5X11.5MM - Screw endosteal dental implant, two-piece",Biomet 3i Australia Pty Ltd,Biomet 3i LLC T/a Implant Innovations,100482,"Screw endosteal dental implant, two-piece"
59083,24/08/2019,"J&J - Transobturator tape - Prosthesis, incontinence",Johnson & Johnson Medical Pty Ltd,Ethicon SARL Switzerland,99193,"Prosthesis, incontinence"
59107,26/08/2019,"Gynecare TVT Exact - Tension Free Vaginal Tape, Retropubic - Prosthesis, incontinence",Johnson & Johnson Medical Pty Ltd,Ethicon SARL Switzerland,99193,"Prosthesis, incontinence"
59194,30/08/2019,Prolift - Vaginal mesh - Mesh kit,Johnson & Johnson Medical Pty Ltd,Ethicon SARL Switzerland,117686,Mesh kit
59212,1/09/2019,Q-switch laser - Dermatological Nd:YAG/frequency-doubled Nd:YAG laser system,Ausmed International Pty Ltd,Beijing Sincoheren Science and Technology Development Co Ltd,271536,Dermatological Nd:YAG/frequency-doubled Nd:YAG laser system
59330,7/09/2019,CAREFUSION - Electric infusion pump administration set,CareFusion Australia 316 Pty Ltd,BD Switzerland Sarl,125916,Electric infusion pump administration set
59353,9/09/2019,J+J TVT - Trans vaginal mesh,Johnson & Johnson Medical Pty Ltd,Ethicon SARL Switzerland,99193,"Prosthesis, incontinence"
59374,10/09/2019,"Ethicon Gynecare TVT - Pelvic Mesh - Prosthesis, incontinence",Johnson & Johnson Medical Pty Ltd,Ethicon SARL Switzerland,99193,"Prosthesis, incontinence"
59496,17/09/2019,"Johnson & Johnson TVT Mesh - Prosthesis, incontinence",Johnson & Johnson Medical Pty Ltd,Ethicon SARL Switzerland,99193,"Prosthesis, incontinence"
58464,18/09/2019,"Prodigy IPG - Stimulator, electrical, analgesic, spinal cord",Abbott Medical Australia Pty Ltd,St Jude Medical,230721,"Stimulator, electrical, analgesic, spinal cord"
,,"Octrode Lead, Model 3186 - Stimulator, electrical, analgesic, spinal cord",St Jude Medical Australia Pty Ltd,St Jude Medical,279913,"Stimulator, electrical, analgesic, spinal cord"
,,Swift Lock Anchor,St Jude Medical Australia Pty Ltd,Advanced Neuromodulation Systems Inc,129858,"Holder, cable/lead"
58279,25/09/2019,"GYNECARE TVT OBTURATOR - Prosthesis, incontinence",Johnson & Johnson Medical Pty Ltd,Ethicon SARL Switzerland,99193,"Prosthesis, incontinence"
57803,3/10/2019,GEM V/NV PRIMARY 20DP - Electric infusion pump administration set,CareFusion Australia 316 Pty Ltd,BD Switzerland Sarl,125916,Electric infusion pump administration set
60141,28/10/2019,"Gynecare, Continence device - Prosthesis, incontinence",Johnson & Johnson Medical Pty Ltd,Ethicon SARL Switzerland,99193,"Prosthesis, incontinence"
58172,25/11/2019,"Alaris PK syringe pump - Infusion pump, syringe",CareFusion Australia 316 Pty Ltd,BD Switzerland Sarl,177501,"Infusion pump, syringe"
59030,28/11/2019,"CentriMag 2nd Generation Primary Console - Heart-lung bypass system module, console",Abbott Medical Australia Pty Ltd,Thoratec Switzerland GmbH,161246,"Heart-lung bypass system module, console"
,,"Heart-lung bypass system module, console",St Jude Medical Australia Pty Ltd,Thoratec Switzerland GmbH,161246,"Heart-lung bypass system module, console"
,,"Heart-lung bypass system module, pump, roller",St Jude Medical Australia Pty Ltd,Thoratec Switzerland GmbH,161245,"Heart-lung bypass system module, pump, roller"
